Periodo,Region,Codigo,Descripcion_divisiones,Clasificador,Indice_IPC
2024-01,GBA,1,Alimentos y bebidas no alcohólicas,División COICOP,100.1
2024-01,GBA,7,Transporte,División COICOP,101.2
2024-01,Pampeana,1,Alimentos y bebidas no alcohólicas,División COICOP,99.8
2024-01,Pampeana,7,Transporte,División COICOP,102.0
2024-02,GBA,1,Alimentos y bebidas no alcohólicas,División COICOP,104.1
2024-02,GBA,7,Transporte,División COICOP,105.2
2024-02,Pampeana,1,Alimentos y bebidas no alcohólicas,División COICOP,103.8
2024-02,Pampeana,7,Transporte,División COICOP,106.0
2024-03,GBA,1,Alimentos y bebidas no alcohólicas,División COICOP,108.1
2024-03,GBA,7,Transporte,División COICOP,109.2
2024-03,Pampeana,1,Alimentos y bebidas no alcohólicas,División COICOP,107.8
2024-03,Pampeana,7,Transporte,División COICOP,110.0
