period,index,log_index,monthly_change_pct,contributing_source_ids,contributing_source_count,value_status,method_id,release_id
2000-01-01,6.4194935968049425,-1.1924992299977422,,historical_inputs_not_retained,,derived_from_observed,research.argentina-price-composite/legacy-compatible-v1,ipc-candidate-v1-a90b7913204e
2000-02-01,6.419756522387597,-1.1924814428016592,0.004095737127696175,historical_inputs_not_retained,,derived_from_observed,research.argentina-price-composite/legacy-compatible-v1,ipc-candidate-v1-a90b7913204e
2000-03-01,6.385837787577595,-1.1947821175621072,-0.5283492402199053,historical_inputs_not_retained,,derived_from_observed,research.argentina-price-composite/legacy-compatible-v1,ipc-candidate-v1-a90b7913204e
2000-04-01,6.378657383340644,-1.1952707244713685,-0.11244263440134405,historical_inputs_not_retained,,derived_from_observed,research.argentina-price-composite/legacy-compatible-v1,ipc-candidate-v1-a90b7913204e
2000-05-01,6.35386363436113,-1.1969621101698713,-0.38869855346471693,historical_inputs_not_retained,,derived_from_observed,research.argentina-price-composite/legacy-compatible-v1,ipc-candidate-v1-a90b7913204e
2000-06-01,6.342116065942241,-1.19776581428985,-0.1848885826784108,historical_inputs_not_retained,,derived_from_observed,research.argentina-price-composite/legacy-compatible-v1,ipc-candidate-v1-a90b7913204e
2000-07-01,6.369660523682416,-1.195883713130924,0.43431021214026533,historical_inputs_not_retained,,derived_from_observed,research.argentina-price-composite/legacy-compatible-v1,ipc-candidate-v1-a90b7913204e
2000-08-01,6.355956361841337,-1.196819093194766,-0.2151474445164503,historical_inputs_not_retained,,derived_from_observed,research.argentina-price-composite/legacy-compatible-v1,ipc-candidate-v1-a90b7913204e
2000-09-01,6.346196083740076,-1.1974865132676438,-0.15356112511819564,historical_inputs_not_retained,,derived_from_observed,research.argentina-price-composite/legacy-compatible-v1,ipc-candidate-v1-a90b7913204e
2000-10-01,6.357568616175585,-1.1967089438591958,0.1792023487053651,historical_inputs_not_retained,,derived_from_observed,research.argentina-price-composite/legacy-compatible-v1,ipc-candidate-v1-a90b7913204e
2000-11-01,6.326316507325696,-1.1988490840063757,-0.4915732843271625,historical_inputs_not_retained,,derived_from_observed,research.argentina-price-composite/legacy-compatible-v1,ipc-candidate-v1-a90b7913204e
2000-12-01,6.319244209546591,-1.1993348608396606,-0.11179171593638237,historical_inputs_not_retained,,derived_from_observed,research.argentina-price-composite/legacy-compatible-v1,ipc-candidate-v1-a90b7913204e
2001-01-01,6.324326547712817,-1.1989857139756905,0.08042636109155676,historical_inputs_not_retained,,derived_from_observed,research.argentina-price-composite/legacy-compatible-v1,ipc-candidate-v1-a90b7913204e
2001-02-01,6.309920361219577,-1.1999761220397238,-0.2277900482296924,historical_inputs_not_retained,,derived_from_observed,research.argentina-price-composite/legacy-compatible-v1,ipc-candidate-v1-a90b7913204e
2001-03-01,6.321942867049772,-1.1991494333045911,0.1905334004543402,historical_inputs_not_retained,,derived_from_observed,research.argentina-price-composite/legacy-compatible-v1,ipc-candidate-v1-a90b7913204e
2001-04-01,6.364201814885181,-1.1962560569165153,0.6684487462812472,historical_inputs_not_retained,,derived_from_observed,research.argentina-price-composite/legacy-compatible-v1,ipc-candidate-v1-a90b7913204e
2001-05-01,6.3683205374642196,-1.1959750853224418,0.06471703284776087,historical_inputs_not_retained,,derived_from_observed,research.argentina-price-composite/legacy-compatible-v1,ipc-candidate-v1-a90b7913204e
2001-06-01,6.322387304709791,-1.199118903126914,-0.7212770224772513,historical_inputs_not_retained,,derived_from_observed,research.argentina-price-composite/legacy-compatible-v1,ipc-candidate-v1-a90b7913204e
2001-07-01,6.301708274366431,-1.2005417055360896,-0.3270762980299602,historical_inputs_not_retained,,derived_from_observed,research.argentina-price-composite/legacy-compatible-v1,ipc-candidate-v1-a90b7913204e
2001-08-01,6.279170079877702,-1.2020977533245152,-0.3576521398238275,historical_inputs_not_retained,,derived_from_observed,research.argentina-price-composite/legacy-compatible-v1,ipc-candidate-v1-a90b7913204e
2001-09-01,6.274416065027887,-1.2024266860280515,-0.07571087881583782,historical_inputs_not_retained,,derived_from_observed,research.argentina-price-composite/legacy-compatible-v1,ipc-candidate-v1-a90b7913204e
2001-10-01,6.246735473229686,-1.204346884473229,-0.44116602264369087,historical_inputs_not_retained,,derived_from_observed,research.argentina-price-composite/legacy-compatible-v1,ipc-candidate-v1-a90b7913204e
2001-11-01,6.226248632144712,-1.2057735406704526,-0.3279607592280964,historical_inputs_not_retained,,derived_from_observed,research.argentina-price-composite/legacy-compatible-v1,ipc-candidate-v1-a90b7913204e
2001-12-01,6.221514637009309,-1.206103872798294,-0.0760328636887575,historical_inputs_not_retained,,derived_from_observed,research.argentina-price-composite/legacy-compatible-v1,ipc-candidate-v1-a90b7913204e
2002-01-01,6.364149763627703,-1.196259608919893,2.2926109627696034,historical_inputs_not_retained,,derived_from_observed,research.argentina-price-composite/legacy-compatible-v1,ipc-candidate-v1-a90b7913204e
2002-02-01,6.5640145805212535,-1.1828304629277666,3.1404794719919193,historical_inputs_not_retained,,derived_from_observed,research.argentina-price-composite/legacy-compatible-v1,ipc-candidate-v1-a90b7913204e
2002-03-01,6.823652926068334,-1.1659830709563959,3.9554809387163603,historical_inputs_not_retained,,derived_from_observed,research.argentina-price-composite/legacy-compatible-v1,ipc-candidate-v1-a90b7913204e
2002-04-01,7.532537667037281,-1.1230586879260238,10.38864005320086,historical_inputs_not_retained,,derived_from_observed,research.argentina-price-composite/legacy-compatible-v1,ipc-candidate-v1-a90b7913204e
2002-05-01,7.834648504040198,-1.105980483072868,4.010744457674198,historical_inputs_not_retained,,derived_from_observed,research.argentina-price-composite/legacy-compatible-v1,ipc-candidate-v1-a90b7913204e
2002-06-01,8.11842128263872,-1.0905284159433306,3.6220230997240366,historical_inputs_not_retained,,derived_from_observed,research.argentina-price-composite/legacy-compatible-v1,ipc-candidate-v1-a90b7913204e
2002-07-01,8.377289536504625,-1.076896474179989,3.188652631509714,historical_inputs_not_retained,,derived_from_observed,research.argentina-price-composite/legacy-compatible-v1,ipc-candidate-v1-a90b7913204e
2002-08-01,8.57348273777441,-1.066842722237427,2.34196514773497,historical_inputs_not_retained,,derived_from_observed,research.argentina-price-composite/legacy-compatible-v1,ipc-candidate-v1-a90b7913204e
2002-09-01,8.689290112428697,-1.0610157025902547,1.3507623237408728,historical_inputs_not_retained,,derived_from_observed,research.argentina-price-composite/legacy-compatible-v1,ipc-candidate-v1-a90b7913204e
2002-10-01,8.70828214817066,-1.0600675082702975,0.21856832372071366,historical_inputs_not_retained,,derived_from_observed,research.argentina-price-composite/legacy-compatible-v1,ipc-candidate-v1-a90b7913204e
2002-11-01,8.752619142362379,-1.0578619688213275,0.5091359402155993,historical_inputs_not_retained,,derived_from_observed,research.argentina-price-composite/legacy-compatible-v1,ipc-candidate-v1-a90b7913204e
2002-12-01,8.769008615230355,-1.0570495032442415,0.1872522110399455,historical_inputs_not_retained,,derived_from_observed,research.argentina-price-composite/legacy-compatible-v1,ipc-candidate-v1-a90b7913204e
2003-01-01,8.884695871598145,-1.0513574337615834,1.3192740644234258,historical_inputs_not_retained,,derived_from_observed,research.argentina-price-composite/legacy-compatible-v1,ipc-candidate-v1-a90b7913204e
2003-02-01,8.934985394209342,-1.0489061530877686,0.5660241311349345,historical_inputs_not_retained,,derived_from_observed,research.argentina-price-composite/legacy-compatible-v1,ipc-candidate-v1-a90b7913204e
2003-03-01,8.987143423499298,-1.046378327460656,0.5837505825555978,historical_inputs_not_retained,,derived_from_observed,research.argentina-price-composite/legacy-compatible-v1,ipc-candidate-v1-a90b7913204e
2003-04-01,8.992108312674286,-1.0461384705346384,0.05524435230452873,historical_inputs_not_retained,,derived_from_observed,research.argentina-price-composite/legacy-compatible-v1,ipc-candidate-v1-a90b7913204e
2003-05-01,8.95762101797489,-1.047807315778801,-0.38352846184900313,historical_inputs_not_retained,,derived_from_observed,research.argentina-price-composite/legacy-compatible-v1,ipc-candidate-v1-a90b7913204e
2003-06-01,8.949946794115696,-1.048179546481925,-0.08567256689910874,historical_inputs_not_retained,,derived_from_observed,research.argentina-price-composite/legacy-compatible-v1,ipc-candidate-v1-a90b7913204e
2003-07-01,8.989692600468178,-1.0462551585674287,0.44408986183706034,historical_inputs_not_retained,,derived_from_observed,research.argentina-price-composite/legacy-compatible-v1,ipc-candidate-v1-a90b7913204e
2003-08-01,8.991881422577583,-1.0461494288501683,0.024348130761331355,historical_inputs_not_retained,,derived_from_observed,research.argentina-price-composite/legacy-compatible-v1,ipc-candidate-v1-a90b7913204e
2003-09-01,8.995444931743501,-1.045977350759547,0.03963029535702933,historical_inputs_not_retained,,derived_from_observed,research.argentina-price-composite/legacy-compatible-v1,ipc-candidate-v1-a90b7913204e
2003-10-01,9.04847048199145,-1.0434248260290486,0.5894711228883409,historical_inputs_not_retained,,derived_from_observed,research.argentina-price-composite/legacy-compatible-v1,ipc-candidate-v1-a90b7913204e
2003-11-01,9.070785790326354,-1.0423550889464541,0.24661967322892053,historical_inputs_not_retained,,derived_from_observed,research.argentina-price-composite/legacy-compatible-v1,ipc-candidate-v1-a90b7913204e
2003-12-01,9.090044755593858,-1.0414339784876478,0.2123185985501097,historical_inputs_not_retained,,derived_from_observed,research.argentina-price-composite/legacy-compatible-v1,ipc-candidate-v1-a90b7913204e
2004-01-01,9.128255717174499,-1.0396122021785534,0.42036054395799827,historical_inputs_not_retained,,derived_from_observed,research.argentina-price-composite/legacy-compatible-v1,ipc-candidate-v1-a90b7913204e
2004-02-01,9.137438092852975,-1.0391755524169473,0.10059288393073906,historical_inputs_not_retained,,derived_from_observed,research.argentina-price-composite/legacy-compatible-v1,ipc-candidate-v1-a90b7913204e
2004-03-01,9.191651479489567,-1.036606451182701,0.5933105766154911,historical_inputs_not_retained,,derived_from_observed,research.argentina-price-composite/legacy-compatible-v1,ipc-candidate-v1-a90b7913204e
2004-04-01,9.270515807809513,-1.0328961012111344,0.8579995498733117,historical_inputs_not_retained,,derived_from_observed,research.argentina-price-composite/legacy-compatible-v1,ipc-candidate-v1-a90b7913204e
2004-05-01,9.338249174914557,-1.0297345418587749,0.7306321299618057,historical_inputs_not_retained,,derived_from_observed,research.argentina-price-composite/legacy-compatible-v1,ipc-candidate-v1-a90b7913204e
2004-06-01,9.391101220970906,-1.0272834784315077,0.5659738251398094,historical_inputs_not_retained,,derived_from_observed,research.argentina-price-composite/legacy-compatible-v1,ipc-candidate-v1-a90b7913204e
2004-07-01,9.43438384353675,-1.025286458200693,0.46088974602032096,historical_inputs_not_retained,,derived_from_observed,research.argentina-price-composite/legacy-compatible-v1,ipc-candidate-v1-a90b7913204e
2004-08-01,9.466789087936958,-1.0237972984889925,0.34348024139814193,historical_inputs_not_retained,,derived_from_observed,research.argentina-price-composite/legacy-compatible-v1,ipc-candidate-v1-a90b7913204e
2004-09-01,9.526367758036844,-1.0210726568992556,0.6293440103762871,historical_inputs_not_retained,,derived_from_observed,research.argentina-price-composite/legacy-compatible-v1,ipc-candidate-v1-a90b7913204e
2004-10-01,9.564071553518964,-1.019357183373682,0.3957835393275655,historical_inputs_not_retained,,derived_from_observed,research.argentina-price-composite/legacy-compatible-v1,ipc-candidate-v1-a90b7913204e
2004-11-01,9.564285097139393,-1.019347486689571,0.00223276895447988,historical_inputs_not_retained,,derived_from_observed,research.argentina-price-composite/legacy-compatible-v1,ipc-candidate-v1-a90b7913204e
2004-12-01,9.644243836514041,-1.0157318178389823,0.8360137591314709,historical_inputs_not_retained,,derived_from_observed,research.argentina-price-composite/legacy-compatible-v1,ipc-candidate-v1-a90b7913204e
2005-01-01,9.78754495229865,-1.0093262302989636,1.4858719689567979,historical_inputs_not_retained,,derived_from_observed,research.argentina-price-composite/legacy-compatible-v1,ipc-candidate-v1-a90b7913204e
2005-02-01,9.880129458231199,-1.00523736486307,0.9459420762180981,historical_inputs_not_retained,,derived_from_observed,research.argentina-price-composite/legacy-compatible-v1,ipc-candidate-v1-a90b7913204e
2005-03-01,10.03285318626727,-0.9985755428677752,1.5457664667423154,historical_inputs_not_retained,,derived_from_observed,research.argentina-price-composite/legacy-compatible-v1,ipc-candidate-v1-a90b7913204e
2005-04-01,10.082048297823757,-0.9964512264150172,0.4903401917993655,historical_inputs_not_retained,,derived_from_observed,research.argentina-price-composite/legacy-compatible-v1,ipc-candidate-v1-a90b7913204e
2005-05-01,10.142614607168133,-0.9938500762556799,0.6007341718195169,historical_inputs_not_retained,,derived_from_observed,research.argentina-price-composite/legacy-compatible-v1,ipc-candidate-v1-a90b7913204e
2005-06-01,10.235506082055057,-0.9898906793121525,0.9158533424041604,historical_inputs_not_retained,,derived_from_observed,research.argentina-price-composite/legacy-compatible-v1,ipc-candidate-v1-a90b7913204e
2005-07-01,10.338287295863124,-0.9855514031729371,1.0041634774490271,historical_inputs_not_retained,,derived_from_observed,research.argentina-price-composite/legacy-compatible-v1,ipc-candidate-v1-a90b7913204e
2005-08-01,10.383451771584005,-0.9836582499409727,0.4368661309978705,historical_inputs_not_retained,,derived_from_observed,research.argentina-price-composite/legacy-compatible-v1,ipc-candidate-v1-a90b7913204e
2005-09-01,10.504210688937,-0.978636575939418,1.1629939639482112,historical_inputs_not_retained,,derived_from_observed,research.argentina-price-composite/legacy-compatible-v1,ipc-candidate-v1-a90b7913204e
2005-10-01,10.686977613303057,-0.9711451003530887,0.7814088229314953,historical_inputs_not_retained,,derived_from_observed,research.argentina-price-composite/legacy-compatible-v1,ipc-candidate-v1-a90b7913204e
2005-11-01,10.810781381795318,-0.9661429149701026,1.1584658113450996,historical_inputs_not_retained,,derived_from_observed,research.argentina-price-composite/legacy-compatible-v1,ipc-candidate-v1-a90b7913204e
2005-12-01,10.892521378338564,-0.9628715790180649,0.7567279208325117,historical_inputs_not_retained,,derived_from_observed,research.argentina-price-composite/legacy-compatible-v1,ipc-candidate-v1-a90b7913204e
2006-01-01,11.026666772234234,-0.9575557496812865,1.2315463527033943,historical_inputs_not_retained,,derived_from_observed,research.argentina-price-composite/legacy-compatible-v1,ipc-candidate-v1-a90b7913204e
2006-02-01,11.05913925651843,-0.9562786732746513,0.2945421303864326,historical_inputs_not_retained,,derived_from_observed,research.argentina-price-composite/legacy-compatible-v1,ipc-candidate-v1-a90b7913204e
2006-03-01,11.17109854912237,-0.9519041169145763,1.012552975480796,historical_inputs_not_retained,,derived_from_observed,research.argentina-price-composite/legacy-compatible-v1,ipc-candidate-v1-a90b7913204e
2006-04-01,11.256907951956663,-0.9485808851342695,0.7683443880777352,historical_inputs_not_retained,,derived_from_observed,research.argentina-price-composite/legacy-compatible-v1,ipc-candidate-v1-a90b7913204e
2006-05-01,11.302285182226054,-0.9468337386675177,0.4031265914371973,historical_inputs_not_retained,,derived_from_observed,research.argentina-price-composite/legacy-compatible-v1,ipc-candidate-v1-a90b7913204e
2006-06-01,11.358922749324368,-0.9446628540306256,0.5011174871419888,historical_inputs_not_retained,,derived_from_observed,research.argentina-price-composite/legacy-compatible-v1,ipc-candidate-v1-a90b7913204e
2006-07-01,11.411144899394179,-0.942670779898634,0.4598686317481393,historical_inputs_not_retained,,derived_from_observed,research.argentina-price-composite/legacy-compatible-v1,ipc-candidate-v1-a90b7913204e
2006-08-01,11.45438793003418,-0.9410281125601909,0.37912188985382844,historical_inputs_not_retained,,derived_from_observed,research.argentina-price-composite/legacy-compatible-v1,ipc-candidate-v1-a90b7913204e
2006-09-01,11.53010374751555,-0.938166784919455,0.6613016869457367,historical_inputs_not_retained,,derived_from_observed,research.argentina-price-composite/legacy-compatible-v1,ipc-candidate-v1-a90b7913204e
2006-10-01,11.607931446445047,-0.9352451653979003,0.675157909823676,historical_inputs_not_retained,,derived_from_observed,research.argentina-price-composite/legacy-compatible-v1,ipc-candidate-v1-a90b7913204e
2006-11-01,11.709372709034453,-0.9314663701968082,0.8740333216319174,historical_inputs_not_retained,,derived_from_observed,research.argentina-price-composite/legacy-compatible-v1,ipc-candidate-v1-a90b7913204e
2006-12-01,11.86209347511458,-0.9258386579821221,1.3047776297452685,historical_inputs_not_retained,,derived_from_observed,research.argentina-price-composite/legacy-compatible-v1,ipc-candidate-v1-a90b7913204e
2007-01-01,11.996110556503396,-0.9209595404235047,1.1297938670968621,historical_inputs_not_retained,,derived_from_observed,research.argentina-price-composite/legacy-compatible-v1,ipc-candidate-v1-a90b7913204e
2007-02-01,12.053798634488768,-0.918876067942011,0.48104963654997945,historical_inputs_not_retained,,derived_from_observed,research.argentina-price-composite/legacy-compatible-v1,ipc-candidate-v1-a90b7913204e
2007-03-01,12.161347084390032,-0.9150183165998984,1.0417470483833569,historical_inputs_not_retained,,derived_from_observed,research.argentina-price-composite/legacy-compatible-v1,ipc-candidate-v1-a90b7913204e
2007-04-01,12.437192516195742,-0.9052776431443232,2.2682144493661127,historical_inputs_not_retained,,derived_from_observed,research.argentina-price-composite/legacy-compatible-v1,ipc-candidate-v1-a90b7913204e
2007-05-01,12.696320043043515,-0.8963221386180538,2.083488910462239,historical_inputs_not_retained,,derived_from_observed,research.argentina-price-composite/legacy-compatible-v1,ipc-candidate-v1-a90b7913204e
2007-06-01,13.033464459694926,-0.8849401279758056,2.655449890270689,historical_inputs_not_retained,,derived_from_observed,research.argentina-price-composite/legacy-compatible-v1,ipc-candidate-v1-a90b7913204e
2007-07-01,13.365965013858036,-0.8739996800003162,2.551129480510217,historical_inputs_not_retained,,derived_from_observed,research.argentina-price-composite/legacy-compatible-v1,ipc-candidate-v1-a90b7913204e
2007-08-01,13.80991826774061,-0.8598088917308753,3.3215203946911354,historical_inputs_not_retained,,derived_from_observed,research.argentina-price-composite/legacy-compatible-v1,ipc-candidate-v1-a90b7913204e
2007-09-01,14.086692472043966,-0.8511909664196458,2.0041697491425037,historical_inputs_not_retained,,derived_from_observed,research.argentina-price-composite/legacy-compatible-v1,ipc-candidate-v1-a90b7913204e
2007-10-01,14.288236104036688,-0.8450213819554524,1.4307377859827275,historical_inputs_not_retained,,derived_from_observed,research.argentina-price-composite/legacy-compatible-v1,ipc-candidate-v1-a90b7913204e
2007-11-01,14.23065220918162,-0.8467751951822196,-0.40301612064482795,historical_inputs_not_retained,,derived_from_observed,research.argentina-price-composite/legacy-compatible-v1,ipc-candidate-v1-a90b7913204e
2007-12-01,14.369968083830972,-0.8425441964469493,0.9789844667797976,historical_inputs_not_retained,,derived_from_observed,research.argentina-price-composite/legacy-compatible-v1,ipc-candidate-v1-a90b7913204e
2008-01-01,14.660673875599258,-0.83384606695764,2.0230093071354593,historical_inputs_not_retained,,derived_from_observed,research.argentina-price-composite/legacy-compatible-v1,ipc-candidate-v1-a90b7913204e
2008-02-01,14.988530567274044,-0.8242409420553496,2.2363002850807723,historical_inputs_not_retained,,derived_from_observed,research.argentina-price-composite/legacy-compatible-v1,ipc-candidate-v1-a90b7913204e
2008-03-01,15.597805325740518,-0.8069365043360699,4.06493989341925,historical_inputs_not_retained,,derived_from_observed,research.argentina-price-composite/legacy-compatible-v1,ipc-candidate-v1-a90b7913204e
2008-04-01,16.064049119566988,-0.7941449765766408,2.989162796236755,historical_inputs_not_retained,,derived_from_observed,research.argentina-price-composite/legacy-compatible-v1,ipc-candidate-v1-a90b7913204e
2008-05-01,16.103986336966457,-0.7930666065857823,0.24861239592968154,historical_inputs_not_retained,,derived_from_observed,research.argentina-price-composite/legacy-compatible-v1,ipc-candidate-v1-a90b7913204e
2008-06-01,16.49407078598462,-0.7826721459498887,2.4222850222042958,historical_inputs_not_retained,,derived_from_observed,research.argentina-price-composite/legacy-compatible-v1,ipc-candidate-v1-a90b7913204e
2008-07-01,16.725335137902544,-0.7766251711934122,1.402105974435508,historical_inputs_not_retained,,derived_from_observed,research.argentina-price-composite/legacy-compatible-v1,ipc-candidate-v1-a90b7913204e
2008-08-01,16.861864695058888,-0.773094399936965,0.8163038649489085,historical_inputs_not_retained,,derived_from_observed,research.argentina-price-composite/legacy-compatible-v1,ipc-candidate-v1-a90b7913204e
2008-09-01,17.0439041046007,-0.7684309179684112,1.0795923987882095,historical_inputs_not_retained,,derived_from_observed,research.argentina-price-composite/legacy-compatible-v1,ipc-candidate-v1-a90b7913204e
2008-10-01,17.14328276185057,-0.7659060115349694,0.5830744918533082,historical_inputs_not_retained,,derived_from_observed,research.argentina-price-composite/legacy-compatible-v1,ipc-candidate-v1-a90b7913204e
2008-11-01,17.252877916574715,-0.7631384507913774,0.6392891970961045,historical_inputs_not_retained,,derived_from_observed,research.argentina-price-composite/legacy-compatible-v1,ipc-candidate-v1-a90b7913204e
2008-12-01,17.329966033880694,-0.7612022884870433,0.4468130921619462,historical_inputs_not_retained,,derived_from_observed,research.argentina-price-composite/legacy-compatible-v1,ipc-candidate-v1-a90b7913204e
2009-01-01,17.530580893375745,-0.7562036928846501,1.1576183075191482,historical_inputs_not_retained,,derived_from_observed,research.argentina-price-composite/legacy-compatible-v1,ipc-candidate-v1-a90b7913204e
2009-02-01,17.528723348380424,-0.7562497132812072,-0.010596026490072852,historical_inputs_not_retained,,derived_from_observed,research.argentina-price-composite/legacy-compatible-v1,ipc-candidate-v1-a90b7913204e
2009-03-01,17.938312019849484,-0.7462184261166189,2.3366714353838747,historical_inputs_not_retained,,derived_from_observed,research.argentina-price-composite/legacy-compatible-v1,ipc-candidate-v1-a90b7913204e
2009-04-01,18.26523993902661,-0.738374618359767,1.8225121673397515,historical_inputs_not_retained,,derived_from_observed,research.argentina-price-composite/legacy-compatible-v1,ipc-candidate-v1-a90b7913204e
2009-05-01,18.4231312636292,-0.7346365535668038,0.8644360825790898,historical_inputs_not_retained,,derived_from_observed,research.argentina-price-composite/legacy-compatible-v1,ipc-candidate-v1-a90b7913204e
2009-06-01,18.520652375883735,-0.732343719692073,0.5293405928614492,historical_inputs_not_retained,,derived_from_observed,research.argentina-price-composite/legacy-compatible-v1,ipc-candidate-v1-a90b7913204e
2009-07-01,18.70640687541621,-0.7280096237259543,1.0029587282483376,historical_inputs_not_retained,,derived_from_observed,research.argentina-price-composite/legacy-compatible-v1,ipc-candidate-v1-a90b7913204e
2009-08-01,19.0537677895419,-0.7200191318829445,1.856908793009282,historical_inputs_not_retained,,derived_from_observed,research.argentina-price-composite/legacy-compatible-v1,ipc-candidate-v1-a90b7913204e
2009-09-01,19.347259898803184,-0.7133805342675348,1.540336339263959,historical_inputs_not_retained,,derived_from_observed,research.argentina-price-composite/legacy-compatible-v1,ipc-candidate-v1-a90b7913204e
2009-10-01,19.66861518299434,-0.7062262165705298,1.6609860304354074,historical_inputs_not_retained,,derived_from_observed,research.argentina-price-composite/legacy-compatible-v1,ipc-candidate-v1-a90b7913204e
2009-11-01,19.894306899926264,-0.7012711866900394,1.1474713132171521,historical_inputs_not_retained,,derived_from_observed,research.argentina-price-composite/legacy-compatible-v1,ipc-candidate-v1-a90b7913204e
2009-12-01,20.5314448333226,-0.6875804874993439,3.202614379084978,historical_inputs_not_retained,,derived_from_observed,research.argentina-price-composite/legacy-compatible-v1,ipc-candidate-v1-a90b7913204e
2010-01-01,20.98654335717713,-0.6780590871215864,2.216592780240667,historical_inputs_not_retained,,derived_from_observed,research.argentina-price-composite/legacy-compatible-v1,ipc-candidate-v1-a90b7913204e
2010-02-01,21.900455494876827,-0.6595468524268056,4.3547530536378165,historical_inputs_not_retained,,derived_from_observed,research.argentina-price-composite/legacy-compatible-v1,ipc-candidate-v1-a90b7913204e
2010-03-01,22.476294443427435,-0.6482752872054449,2.62934690415606,historical_inputs_not_retained,,derived_from_observed,research.argentina-price-composite/legacy-compatible-v1,ipc-candidate-v1-a90b7913204e
2010-04-01,22.783718140153663,-0.6423754007141078,1.3677685950413299,historical_inputs_not_retained,,derived_from_observed,research.argentina-price-composite/legacy-compatible-v1,ipc-candidate-v1-a90b7913204e
2010-05-01,23.144081869246634,-0.635560043095851,1.5816721699074554,historical_inputs_not_retained,,derived_from_observed,research.argentina-price-composite/legacy-compatible-v1,ipc-candidate-v1-a90b7913204e
2010-06-01,23.395779216113098,-0.6308624856877632,1.0875235763875057,historical_inputs_not_retained,,derived_from_observed,research.argentina-price-composite/legacy-compatible-v1,ipc-candidate-v1-a90b7913204e
2010-07-01,23.73849626775049,-0.6245467952088137,1.464867010718529,historical_inputs_not_retained,,derived_from_observed,research.argentina-price-composite/legacy-compatible-v1,ipc-candidate-v1-a90b7913204e
2010-08-01,23.990193614616974,-0.6199662470125589,1.060291873703978,historical_inputs_not_retained,,derived_from_observed,research.argentina-price-composite/legacy-compatible-v1,ipc-candidate-v1-a90b7913204e
2010-09-01,24.37099033865851,-0.6131268224822535,1.5873015873015817,historical_inputs_not_retained,,derived_from_observed,research.argentina-price-composite/legacy-compatible-v1,ipc-candidate-v1-a90b7913204e
2010-10-01,25.16694836915511,-0.5991694418526639,3.266006097561003,historical_inputs_not_retained,,derived_from_observed,research.argentina-price-composite/legacy-compatible-v1,ipc-candidate-v1-a90b7913204e
2010-11-01,25.644337432953527,-0.5910085172232773,1.8968889544968004,historical_inputs_not_retained,,derived_from_observed,research.argentina-price-composite/legacy-compatible-v1,ipc-candidate-v1-a90b7913204e
2010-12-01,26.080860506854798,-0.5836780836757962,1.7022201296584605,historical_inputs_not_retained,,derived_from_observed,research.argentina-price-composite/legacy-compatible-v1,ipc-candidate-v1-a90b7913204e
2011-01-01,26.367851208632427,-0.578925260660019,1.1003881628147028,historical_inputs_not_retained,,derived_from_observed,research.argentina-price-composite/legacy-compatible-v1,ipc-candidate-v1-a90b7913204e
2011-02-01,26.652055592917094,-0.574269289517966,1.0778443113772518,historical_inputs_not_retained,,derived_from_observed,research.argentina-price-composite/legacy-compatible-v1,ipc-candidate-v1-a90b7913204e
2011-03-01,27.36070900863344,-0.5628726527652443,2.658907164761648,historical_inputs_not_retained,,derived_from_observed,research.argentina-price-composite/legacy-compatible-v1,ipc-candidate-v1-a90b7913204e
2011-04-01,28.071219969345094,-0.5517387126081175,2.596829491836128,historical_inputs_not_retained,,derived_from_observed,research.argentina-price-composite/legacy-compatible-v1,ipc-candidate-v1-a90b7913204e
2011-05-01,28.559754303115447,-0.5442455330744405,1.7403388035997835,historical_inputs_not_retained,,derived_from_observed,research.argentina-price-composite/legacy-compatible-v1,ipc-candidate-v1-a90b7913204e
2011-06-01,28.989775969533092,-0.5377551408220118,1.505691056910563,historical_inputs_not_retained,,derived_from_observed,research.argentina-price-composite/legacy-compatible-v1,ipc-candidate-v1-a90b7913204e
2011-07-01,29.494099435763708,-0.5302648599135276,1.7396597571524675,historical_inputs_not_retained,,derived_from_observed,research.argentina-price-composite/legacy-compatible-v1,ipc-candidate-v1-a90b7913204e
2011-08-01,30.211111803958985,-0.5198332918919129,2.4310366544904705,historical_inputs_not_retained,,derived_from_observed,research.argentina-price-composite/legacy-compatible-v1,ipc-candidate-v1-a90b7913204e
2011-09-01,30.790665842500275,-0.5115809194567558,1.9183472700442739,historical_inputs_not_retained,,derived_from_observed,research.argentina-price-composite/legacy-compatible-v1,ipc-candidate-v1-a90b7913204e
2011-10-01,31.129667804146994,-0.5068255138049775,1.1009893822393924,historical_inputs_not_retained,,derived_from_observed,research.argentina-price-composite/legacy-compatible-v1,ipc-candidate-v1-a90b7913204e
2011-11-01,31.562475788057633,-0.5008289376894852,1.3903392308380669,historical_inputs_not_retained,,derived_from_observed,research.argentina-price-composite/legacy-compatible-v1,ipc-candidate-v1-a90b7913204e
2011-12-01,32.151317551575545,-0.4928012251144305,1.8656387017037979,historical_inputs_not_retained,,derived_from_observed,research.argentina-price-composite/legacy-compatible-v1,ipc-candidate-v1-a90b7913204e
2012-01-01,32.52282655064045,-0.4878117170139731,1.155501632146061,historical_inputs_not_retained,,derived_from_observed,research.argentina-price-composite/legacy-compatible-v1,ipc-candidate-v1-a90b7913204e
2012-02-01,33.00114438693652,-0.48147099974895213,1.4707142245195204,historical_inputs_not_retained,,derived_from_observed,research.argentina-price-composite/legacy-compatible-v1,ipc-candidate-v1-a90b7913204e
2012-03-01,34.119386474121924,-0.4669987868040153,3.388494877856596,historical_inputs_not_retained,,derived_from_observed,research.argentina-price-composite/legacy-compatible-v1,ipc-candidate-v1-a90b7913204e
2012-04-01,34.80203425990369,-0.45839536978818773,2.0007621951219523,historical_inputs_not_retained,,derived_from_observed,research.argentina-price-composite/legacy-compatible-v1,ipc-candidate-v1-a90b7913204e
2012-05-01,35.46610659573224,-0.4501864849646793,1.9081422967094586,historical_inputs_not_retained,,derived_from_observed,research.argentina-price-composite/legacy-compatible-v1,ipc-candidate-v1-a90b7913204e
2012-06-01,35.939780569540005,-0.44442457880547726,1.3355680092180355,historical_inputs_not_retained,,derived_from_observed,research.argentina-price-composite/legacy-compatible-v1,ipc-candidate-v1-a90b7913204e
2012-07-01,38.06068708893979,-0.4195233758955119,2.4834608228240684,historical_inputs_not_retained,,derived_from_observed,research.argentina-price-composite/legacy-compatible-v1,ipc-candidate-v1-a90b7913204e
2012-08-01,38.6939311947683,-0.41235714493722053,1.6658180379245158,historical_inputs_not_retained,,derived_from_observed,research.argentina-price-composite/legacy-compatible-v1,ipc-candidate-v1-a90b7913204e
2012-09-01,39.287741049030885,-0.4057429413623921,1.5346401261851494,historical_inputs_not_retained,,derived_from_observed,research.argentina-price-composite/legacy-compatible-v1,ipc-candidate-v1-a90b7913204e
2012-10-01,39.870927624423246,-0.3993436600616631,1.4843988071556957,historical_inputs_not_retained,,derived_from_observed,research.argentina-price-composite/legacy-compatible-v1,ipc-candidate-v1-a90b7913204e
2012-11-01,40.66272944220955,-0.3908034731670984,1.985950366797118,historical_inputs_not_retained,,derived_from_observed,research.argentina-price-composite/legacy-compatible-v1,ipc-candidate-v1-a90b7913204e
2012-12-01,41.30369969710984,-0.3840110455330352,1.5770813159571628,historical_inputs_not_retained,,derived_from_observed,research.argentina-price-composite/legacy-compatible-v1,ipc-candidate-v1-a90b7913204e
2013-01-01,42.12165735331022,-0.3754945490431396,1.9808312350667934,historical_inputs_not_retained,,derived_from_observed,research.argentina-price-composite/legacy-compatible-v1,ipc-candidate-v1-a90b7913204e
2013-02-01,42.87876375676495,-0.3677577443356881,1.7998788881726124,historical_inputs_not_retained,,derived_from_observed,research.argentina-price-composite/legacy-compatible-v1,ipc-candidate-v1-a90b7913204e
2013-03-01,43.74103386983468,-0.3591109561255925,2.0120068871006924,historical_inputs_not_retained,,derived_from_observed,research.argentina-price-composite/legacy-compatible-v1,ipc-candidate-v1-a90b7913204e
2013-04-01,44.53699685154766,-0.35127907097448374,1.8198868198627927,historical_inputs_not_retained,,derived_from_observed,research.argentina-price-composite/legacy-compatible-v1,ipc-candidate-v1-a90b7913204e
2013-05-01,45.29501360974175,-0.3439496055140876,1.7022067476613945,historical_inputs_not_retained,,derived_from_observed,research.argentina-price-composite/legacy-compatible-v1,ipc-candidate-v1-a90b7913204e
2013-06-01,46.2531055945426,-0.33485910190241386,2.115486406505218,historical_inputs_not_retained,,derived_from_observed,research.argentina-price-composite/legacy-compatible-v1,ipc-candidate-v1-a90b7913204e
2013-07-01,48.9330157849069,-0.3103980174633876,2.358844449177777,historical_inputs_not_retained,,derived_from_observed,research.argentina-price-composite/legacy-compatible-v1,ipc-candidate-v1-a90b7913204e
2013-08-01,49.79266455051923,-0.3028346327399223,1.7573411607281504,historical_inputs_not_retained,,derived_from_observed,research.argentina-price-composite/legacy-compatible-v1,ipc-candidate-v1-a90b7913204e
2013-09-01,50.66152917814223,-0.2953217055125841,1.7457412852903549,historical_inputs_not_retained,,derived_from_observed,research.argentina-price-composite/legacy-compatible-v1,ipc-candidate-v1-a90b7913204e
2013-10-01,51.83161501374358,-0.28540525883112977,2.3127571881475477,historical_inputs_not_retained,,derived_from_observed,research.argentina-price-composite/legacy-compatible-v1,ipc-candidate-v1-a90b7913204e
2013-11-01,53.162061311472755,-0.27439818802196414,2.5670730459334283,historical_inputs_not_retained,,derived_from_observed,research.argentina-price-composite/legacy-compatible-v1,ipc-candidate-v1-a90b7913204e
2013-12-01,54.649822679435985,-0.2624112428536638,2.799355445307812,historical_inputs_not_retained,,derived_from_observed,research.argentina-price-composite/legacy-compatible-v1,ipc-candidate-v1-a90b7913204e
2014-01-01,56.896173616398215,-0.24491693981163531,4.112128833735426,historical_inputs_not_retained,,derived_from_observed,research.argentina-price-composite/legacy-compatible-v1,ipc-candidate-v1-a90b7913204e
2014-02-01,60.1960291577136,-0.2204321561137903,5.805958102589059,historical_inputs_not_retained,,derived_from_observed,research.argentina-price-composite/legacy-compatible-v1,ipc-candidate-v1-a90b7913204e
2014-03-01,62.386129933590695,-0.204911954594303,3.638705469528647,historical_inputs_not_retained,,derived_from_observed,research.argentina-price-composite/legacy-compatible-v1,ipc-candidate-v1-a90b7913204e
2014-04-01,63.93907791806641,-0.19423363109190572,2.490266309400761,historical_inputs_not_retained,,derived_from_observed,research.argentina-price-composite/legacy-compatible-v1,ipc-candidate-v1-a90b7913204e
2014-05-01,65.55787137349367,-0.18337515616550681,2.5317784119366955,historical_inputs_not_retained,,derived_from_observed,research.argentina-price-composite/legacy-compatible-v1,ipc-candidate-v1-a90b7913204e
2014-06-01,66.91293218880224,-0.17448993850325079,2.067203367253767,historical_inputs_not_retained,,derived_from_observed,research.argentina-price-composite/legacy-compatible-v1,ipc-candidate-v1-a90b7913204e
2014-07-01,68.10944829153642,-0.16679263762829688,1.7891507689904367,historical_inputs_not_retained,,derived_from_observed,research.argentina-price-composite/legacy-compatible-v1,ipc-candidate-v1-a90b7913204e
2014-08-01,69.77629095206889,-0.1562921197526459,2.4473749803146356,historical_inputs_not_retained,,derived_from_observed,research.argentina-price-composite/legacy-compatible-v1,ipc-candidate-v1-a90b7913204e
2014-09-01,71.54547984476962,-0.1454177992275456,2.5362724075910075,historical_inputs_not_retained,,derived_from_observed,research.argentina-price-composite/legacy-compatible-v1,ipc-candidate-v1-a90b7913204e
2014-10-01,72.63743319036239,-0.13883951100345837,1.5266502973102427,historical_inputs_not_retained,,derived_from_observed,research.argentina-price-composite/legacy-compatible-v1,ipc-candidate-v1-a90b7913204e
2014-11-01,73.75308334237488,-0.13221981873165856,1.5361393744720195,historical_inputs_not_retained,,derived_from_observed,research.argentina-price-composite/legacy-compatible-v1,ipc-candidate-v1-a90b7913204e
2014-12-01,74.75902634045818,-0.1263363634959862,1.364034330251377,historical_inputs_not_retained,,derived_from_observed,research.argentina-price-composite/legacy-compatible-v1,ipc-candidate-v1-a90b7913204e
2015-01-01,76.40973459372871,-0.11685130881926487,2.210449322727226,historical_inputs_not_retained,,derived_from_observed,research.argentina-price-composite/legacy-compatible-v1,ipc-candidate-v1-a90b7913204e
2015-02-01,77.66036773423225,-0.10980055733143712,1.6370728664615604,historical_inputs_not_retained,,derived_from_observed,research.argentina-price-composite/legacy-compatible-v1,ipc-candidate-v1-a90b7913204e
2015-03-01,79.1027842919515,-0.10180822975960169,1.8574666712207755,historical_inputs_not_retained,,derived_from_observed,research.argentina-price-composite/legacy-compatible-v1,ipc-candidate-v1-a90b7913204e
2015-04-01,80.74521406271825,-0.09288320977394537,2.076569046867645,historical_inputs_not_retained,,derived_from_observed,research.argentina-price-composite/legacy-compatible-v1,ipc-candidate-v1-a90b7913204e
2015-05-01,82.1921221807749,-0.08516980602896407,1.7928394736876168,historical_inputs_not_retained,,derived_from_observed,research.argentina-price-composite/legacy-compatible-v1,ipc-candidate-v1-a90b7913204e
2015-06-01,83.21861339640691,-0.07977952477602002,1.2489434701223288,historical_inputs_not_retained,,derived_from_observed,research.argentina-price-composite/legacy-compatible-v1,ipc-candidate-v1-a90b7913204e
2015-07-01,84.93423227901224,-0.07091723445020559,2.061757138639453,historical_inputs_not_retained,,derived_from_observed,research.argentina-price-composite/legacy-compatible-v1,ipc-candidate-v1-a90b7913204e
2015-08-01,86.46604589077111,-0.06315440094207592,1.8035822517478595,historical_inputs_not_retained,,derived_from_observed,research.argentina-price-composite/legacy-compatible-v1,ipc-candidate-v1-a90b7913204e
2015-09-01,88.1603242534856,-0.05472682115516947,1.9600523540081793,historical_inputs_not_retained,,derived_from_observed,research.argentina-price-composite/legacy-compatible-v1,ipc-candidate-v1-a90b7913204e
2015-10-01,89.43289656634187,-0.04850270302376658,1.4436543454932504,historical_inputs_not_retained,,derived_from_observed,research.argentina-price-composite/legacy-compatible-v1,ipc-candidate-v1-a90b7913204e
2015-11-01,91.51561401058898,-0.03850480210703089,2.329555504879255,historical_inputs_not_retained,,derived_from_observed,research.argentina-price-composite/legacy-compatible-v1,ipc-candidate-v1-a90b7913204e
2015-12-01,96.33611692911708,-0.016210863006472342,5.272687988040903,historical_inputs_not_retained,,derived_from_observed,research.argentina-price-composite/legacy-compatible-v1,ipc-candidate-v1-a90b7913204e
2016-01-01,100.0,0.0,3.8044860271812495,historical_inputs_not_retained,,derived_from_observed,research.argentina-price-composite/legacy-compatible-v1,ipc-candidate-v1-a90b7913204e
2016-02-01,103.25927538409694,0.013929073085866106,3.260611117810893,historical_inputs_not_retained,,derived_from_observed,research.argentina-price-composite/legacy-compatible-v1,ipc-candidate-v1-a90b7913204e
2016-03-01,106.48426994680244,0.027285457729141704,3.123300763212626,historical_inputs_not_retained,,derived_from_observed,research.argentina-price-composite/legacy-compatible-v1,ipc-candidate-v1-a90b7913204e
2016-04-01,111.60349091488315,0.047677779380762564,4.815585199921216,historical_inputs_not_retained,,derived_from_observed,research.argentina-price-composite/legacy-compatible-v1,ipc-candidate-v1-a90b7913204e
2016-05-01,116.75899915241274,0.06729036359888774,4.620058210626729,historical_inputs_not_retained,,derived_from_observed,research.argentina-price-composite/legacy-compatible-v1,ipc-candidate-v1-a90b7913204e
2016-06-01,119.61880175812469,0.07779944769621161,2.4519502892466587,historical_inputs_not_retained,,derived_from_observed,research.argentina-price-composite/legacy-compatible-v1,ipc-candidate-v1-a90b7913204e
2016-07-01,122.04268723315104,0.08651176171766917,2.026679469313615,historical_inputs_not_retained,,derived_from_observed,research.argentina-price-composite/legacy-compatible-v1,ipc-candidate-v1-a90b7913204e
2016-08-01,122.10444318738523,0.08673146752108685,0.052354064402685786,historical_inputs_not_retained,,derived_from_observed,research.argentina-price-composite/legacy-compatible-v1,ipc-candidate-v1-a90b7913204e
2016-09-01,124.05454045198093,0.09361266427250947,1.5972369629534484,historical_inputs_not_retained,,derived_from_observed,research.argentina-price-composite/legacy-compatible-v1,ipc-candidate-v1-a90b7913204e
2016-10-01,127.02299283613164,0.10388234109794525,2.393524536842688,historical_inputs_not_retained,,derived_from_observed,research.argentina-price-composite/legacy-compatible-v1,ipc-candidate-v1-a90b7913204e
2016-11-01,128.91391061337492,0.11029978295984066,1.4892536178776838,historical_inputs_not_retained,,derived_from_observed,research.argentina-price-composite/legacy-compatible-v1,ipc-candidate-v1-a90b7913204e
2016-12-01,130.88389312848437,0.11688620456587895,1.3090159300201223,historical_inputs_not_retained,,derived_from_observed,research.argentina-price-composite/legacy-compatible-v1,ipc-candidate-v1-a90b7913204e
2017-01-01,132.90004691837254,0.12352513426392608,1.5407037802538603,historical_inputs_not_retained,,derived_from_observed,research.argentina-price-composite/legacy-compatible-v1,ipc-candidate-v1-a90b7913204e
2017-02-01,135.63777281798076,0.13238065001785726,2.060238528196845,historical_inputs_not_retained,,derived_from_observed,research.argentina-price-composite/legacy-compatible-v1,ipc-candidate-v1-a90b7913204e
2017-03-01,139.62866667351562,0.14497459092342213,2.943003117530052,historical_inputs_not_retained,,derived_from_observed,research.argentina-price-composite/legacy-compatible-v1,ipc-candidate-v1-a90b7913204e
2017-04-01,142.91182671288033,0.15506817045374177,2.35155273495537,historical_inputs_not_retained,,derived_from_observed,research.argentina-price-composite/legacy-compatible-v1,ipc-candidate-v1-a90b7913204e
2017-05-01,145.16164471600268,0.16185188021629582,1.5744253528727103,historical_inputs_not_retained,,derived_from_observed,research.argentina-price-composite/legacy-compatible-v1,ipc-candidate-v1-a90b7913204e
2017-06-01,146.84118250413948,0.1668478731961196,1.1572975424642362,historical_inputs_not_retained,,derived_from_observed,research.argentina-price-composite/legacy-compatible-v1,ipc-candidate-v1-a90b7913204e
2017-07-01,149.45970614071396,0.17452412403555329,1.7835124464027519,historical_inputs_not_retained,,derived_from_observed,research.argentina-price-composite/legacy-compatible-v1,ipc-candidate-v1-a90b7913204e
2017-08-01,151.67917317022656,0.18092595258505906,1.485028991797105,historical_inputs_not_retained,,derived_from_observed,research.argentina-price-composite/legacy-compatible-v1,ipc-candidate-v1-a90b7913204e
2017-09-01,154.19366789602483,0.18806653938108564,1.6580520116017905,historical_inputs_not_retained,,derived_from_observed,research.argentina-price-composite/legacy-compatible-v1,ipc-candidate-v1-a90b7913204e
2017-10-01,156.45026318947623,0.19437629807755297,1.4636291114490663,historical_inputs_not_retained,,derived_from_observed,research.argentina-price-composite/legacy-compatible-v1,ipc-candidate-v1-a90b7913204e
2017-11-01,158.89852515083632,0.20111986623301847,1.5654631679976327,historical_inputs_not_retained,,derived_from_observed,research.argentina-price-composite/legacy-compatible-v1,ipc-candidate-v1-a90b7913204e
2017-12-01,163.86122949501544,0.21447620916427468,3.1232567223509697,historical_inputs_not_retained,,derived_from_observed,research.argentina-price-composite/legacy-compatible-v1,ipc-candidate-v1-a90b7913204e
2018-01-01,166.79024349162233,0.22217064269454045,1.788043674196954,historical_inputs_not_retained,,derived_from_observed,research.argentina-price-composite/legacy-compatible-v1,ipc-candidate-v1-a90b7913204e
2018-02-01,170.94685658559789,0.23286111928832787,2.492139262690368,historical_inputs_not_retained,,derived_from_observed,research.argentina-price-composite/legacy-compatible-v1,ipc-candidate-v1-a90b7913204e
2018-03-01,174.8164698044893,0.24258234596577566,2.2644126433983782,historical_inputs_not_retained,,derived_from_observed,research.argentina-price-composite/legacy-compatible-v1,ipc-candidate-v1-a90b7913204e
2018-04-01,179.7691872016482,0.2547152548328788,2.833358653157142,historical_inputs_not_retained,,derived_from_observed,research.argentina-price-composite/legacy-compatible-v1,ipc-candidate-v1-a90b7913204e
2018-05-01,183.81778349259835,0.2643875249994805,2.252293441580738,historical_inputs_not_retained,,derived_from_observed,research.argentina-price-composite/legacy-compatible-v1,ipc-candidate-v1-a90b7913204e
2018-06-01,190.54415340344818,0.2799956275580673,3.6597842298322023,historical_inputs_not_retained,,derived_from_observed,research.argentina-price-composite/legacy-compatible-v1,ipc-candidate-v1-a90b7913204e
2018-07-01,196.68847171603096,0.2937789058428959,3.22524777506254,historical_inputs_not_retained,,derived_from_observed,research.argentina-price-composite/legacy-compatible-v1,ipc-candidate-v1-a90b7913204e
2018-08-01,203.69031022397093,0.30897036961698543,3.560110414076778,historical_inputs_not_retained,,derived_from_observed,research.argentina-price-composite/legacy-compatible-v1,ipc-candidate-v1-a90b7913204e
2018-09-01,217.0103411727521,0.336480429734491,6.541789063285214,historical_inputs_not_retained,,derived_from_observed,research.argentina-price-composite/legacy-compatible-v1,ipc-candidate-v1-a90b7913204e
2018-10-01,228.58974765918347,0.3590567482163465,5.335929171175757,historical_inputs_not_retained,,derived_from_observed,research.argentina-price-composite/legacy-compatible-v1,ipc-candidate-v1-a90b7913204e
2018-11-01,235.81537788960944,0.3725721227049448,3.161279670426298,historical_inputs_not_retained,,derived_from_observed,research.argentina-price-composite/legacy-compatible-v1,ipc-candidate-v1-a90b7913204e
2018-12-01,241.52829043071665,0.38296800737889924,2.4228540771661535,historical_inputs_not_retained,,derived_from_observed,research.argentina-price-composite/legacy-compatible-v1,ipc-candidate-v1-a90b7913204e
2019-01-01,250.18384305076938,0.398259259392308,3.584466771855843,historical_inputs_not_retained,,derived_from_observed,research.argentina-price-composite/legacy-compatible-v1,ipc-candidate-v1-a90b7913204e
2019-02-01,259.4434948533422,0.4140427859011897,3.701329216147214,historical_inputs_not_retained,,derived_from_observed,research.argentina-price-composite/legacy-compatible-v1,ipc-candidate-v1-a90b7913204e
2019-03-01,270.5201400644503,0.432199603613582,4.270296204118851,historical_inputs_not_retained,,derived_from_observed,research.argentina-price-composite/legacy-compatible-v1,ipc-candidate-v1-a90b7913204e
2019-04-01,279.7416007610991,0.4467570557084555,3.40905216001246,historical_inputs_not_retained,,derived_from_observed,research.argentina-price-composite/legacy-compatible-v1,ipc-candidate-v1-a90b7913204e
2019-05-01,288.56063759438644,0.4602370889146101,3.1527573102558106,historical_inputs_not_retained,,derived_from_observed,research.argentina-price-composite/legacy-compatible-v1,ipc-candidate-v1-a90b7913204e
2019-06-01,295.9103628973639,0.4711601745906271,2.5472289461299424,historical_inputs_not_retained,,derived_from_observed,research.argentina-price-composite/legacy-compatible-v1,ipc-candidate-v1-a90b7913204e
2019-07-01,302.0335780223048,0.4800552275239225,2.0697913468905202,historical_inputs_not_retained,,derived_from_observed,research.argentina-price-composite/legacy-compatible-v1,ipc-candidate-v1-a90b7913204e
2019-08-01,314.1917692893188,0.4971948038769307,4.026603191509287,historical_inputs_not_retained,,derived_from_observed,research.argentina-price-composite/legacy-compatible-v1,ipc-candidate-v1-a90b7913204e
2019-09-01,331.91965972720425,0.521032976597148,5.643275824794042,historical_inputs_not_retained,,derived_from_observed,research.argentina-price-composite/legacy-compatible-v1,ipc-candidate-v1-a90b7913204e
2019-10-01,341.8522169326438,0.5338384006716046,2.992634596913896,historical_inputs_not_retained,,derived_from_observed,research.argentina-price-composite/legacy-compatible-v1,ipc-candidate-v1-a90b7913204e
2019-11-01,356.66220123825934,0.5522570856111826,4.332718870397118,historical_inputs_not_retained,,derived_from_observed,research.argentina-price-composite/legacy-compatible-v1,ipc-candidate-v1-a90b7913204e
2019-12-01,370.6220415986924,0.5689312440709253,3.915464130339663,historical_inputs_not_retained,,derived_from_observed,research.argentina-price-composite/legacy-compatible-v1,ipc-candidate-v1-a90b7913204e
2020-01-01,381.4124567670488,0.5813948728128921,2.9134943763754917,historical_inputs_not_retained,,derived_from_observed,research.argentina-price-composite/legacy-compatible-v1,ipc-candidate-v1-a90b7913204e
2020-02-01,389.45066517954587,0.5904524499487049,2.108135236372377,historical_inputs_not_retained,,derived_from_observed,research.argentina-price-composite/legacy-compatible-v1,ipc-candidate-v1-a90b7913204e
2020-03-01,400.489371751323,0.602590995199284,2.8349035990719917,historical_inputs_not_retained,,derived_from_observed,research.argentina-price-composite/legacy-compatible-v1,ipc-candidate-v1-a90b7913204e
2020-04-01,407.2541137973677,0.6098654799430343,1.6895002272206139,historical_inputs_not_retained,,derived_from_observed,research.argentina-price-composite/legacy-compatible-v1,ipc-candidate-v1-a90b7913204e
2020-05-01,411.98284773242824,0.6148791352316225,1.1616025607937508,historical_inputs_not_retained,,derived_from_observed,research.argentina-price-composite/legacy-compatible-v1,ipc-candidate-v1-a90b7913204e
2020-06-01,418.8098382215211,0.6220168750964259,1.657705901590345,historical_inputs_not_retained,,derived_from_observed,research.argentina-price-composite/legacy-compatible-v1,ipc-candidate-v1-a90b7913204e
2020-07-01,426.957180049876,0.6303843213937546,1.945758598488978,historical_inputs_not_retained,,derived_from_observed,research.argentina-price-composite/legacy-compatible-v1,ipc-candidate-v1-a90b7913204e
2020-08-01,438.0193774736444,0.6414933236176328,2.591403738722314,historical_inputs_not_retained,,derived_from_observed,research.argentina-price-composite/legacy-compatible-v1,ipc-candidate-v1-a90b7913204e
2020-09-01,449.1132688458161,0.6523558862838055,2.5336655306664957,historical_inputs_not_retained,,derived_from_observed,research.argentina-price-composite/legacy-compatible-v1,ipc-candidate-v1-a90b7913204e
2020-10-01,464.09890334342333,0.6666105421909272,3.337945057479663,historical_inputs_not_retained,,derived_from_observed,research.argentina-price-composite/legacy-compatible-v1,ipc-candidate-v1-a90b7913204e
2020-11-01,479.4352687213641,0.6807299789001284,3.3048311585321564,historical_inputs_not_retained,,derived_from_observed,research.argentina-price-composite/legacy-compatible-v1,ipc-candidate-v1-a90b7913204e
2020-12-01,501.453713906473,0.7002308521665759,4.597329838825232,historical_inputs_not_retained,,derived_from_observed,research.argentina-price-composite/legacy-compatible-v1,ipc-candidate-v1-a90b7913204e
2021-01-01,524.8899454499737,0.7200682537027627,4.676647473972379,historical_inputs_not_retained,,derived_from_observed,research.argentina-price-composite/legacy-compatible-v1,ipc-candidate-v1-a90b7913204e
2021-02-01,543.0892636160737,0.7348712172680765,3.4679090157948567,historical_inputs_not_retained,,derived_from_observed,research.argentina-price-composite/legacy-compatible-v1,ipc-candidate-v1-a90b7913204e
2021-03-01,565.6607840770145,0.752556071175781,4.156841511435422,historical_inputs_not_retained,,derived_from_observed,research.argentina-price-composite/legacy-compatible-v1,ipc-candidate-v1-a90b7913204e
2021-04-01,587.8925242287401,0.7692979376395854,3.93037974657241,historical_inputs_not_retained,,derived_from_observed,research.argentina-price-composite/legacy-compatible-v1,ipc-candidate-v1-a90b7913204e
2021-05-01,608.475186354496,0.7842428723786607,3.5012629120484027,historical_inputs_not_retained,,derived_from_observed,research.argentina-price-composite/legacy-compatible-v1,ipc-candidate-v1-a90b7913204e
2021-06-01,628.3887857987887,0.7982284260350871,3.272739238537098,historical_inputs_not_retained,,derived_from_observed,research.argentina-price-composite/legacy-compatible-v1,ipc-candidate-v1-a90b7913204e
2021-07-01,645.761392023951,0.8100720764009095,2.7648378711966517,historical_inputs_not_retained,,derived_from_observed,research.argentina-price-composite/legacy-compatible-v1,ipc-candidate-v1-a90b7913204e
2021-08-01,662.0997127960301,0.820923399494176,2.5304747306612585,historical_inputs_not_retained,,derived_from_observed,research.argentina-price-composite/legacy-compatible-v1,ipc-candidate-v1-a90b7913204e
2021-09-01,683.3938989239114,0.834671097267095,3.2164948595636513,historical_inputs_not_retained,,derived_from_observed,research.argentina-price-composite/legacy-compatible-v1,ipc-candidate-v1-a90b7913204e
2021-10-01,705.2957174741207,0.8483712468348124,3.205650145697192,historical_inputs_not_retained,,derived_from_observed,research.argentina-price-composite/legacy-compatible-v1,ipc-candidate-v1-a90b7913204e
2021-11-01,724.4009889835254,0.8599790345600145,2.709122395380242,historical_inputs_not_retained,,derived_from_observed,research.argentina-price-composite/legacy-compatible-v1,ipc-candidate-v1-a90b7913204e
2021-12-01,753.111218882809,0.8768591172104343,3.963920974351942,historical_inputs_not_retained,,derived_from_observed,research.argentina-price-composite/legacy-compatible-v1,ipc-candidate-v1-a90b7913204e
2022-01-01,782.2162583239415,0.8933268384979733,3.864709111532749,historical_inputs_not_retained,,derived_from_observed,research.argentina-price-composite/legacy-compatible-v1,ipc-candidate-v1-a90b7913204e
2022-02-01,831.8887886052718,0.9200652713348183,5.100953117497106,historical_inputs_not_retained,,derived_from_observed,research.argentina-price-composite/legacy-compatible-v1,ipc-candidate-v1-a90b7913204e
2022-03-01,888.5913274620387,0.9487020702668141,6.816147443601972,historical_inputs_not_retained,,derived_from_observed,research.argentina-price-composite/legacy-compatible-v1,ipc-candidate-v1-a90b7913204e
2022-04-01,937.268294024984,0.9718639259317476,5.478778176134291,historical_inputs_not_retained,,derived_from_observed,research.argentina-price-composite/legacy-compatible-v1,ipc-candidate-v1-a90b7913204e
2022-05-01,986.0682284611999,0.993906965873316,5.206921487049584,historical_inputs_not_retained,,derived_from_observed,research.argentina-price-composite/legacy-compatible-v1,ipc-candidate-v1-a90b7913204e
2022-06-01,1034.5048811736688,1.0147325441673294,4.912979622347949,historical_inputs_not_retained,,derived_from_observed,research.argentina-price-composite/legacy-compatible-v1,ipc-candidate-v1-a90b7913204e
2022-07-01,1106.3492397822718,1.0438922417684897,6.945373742408045,historical_inputs_not_retained,,derived_from_observed,research.argentina-price-composite/legacy-compatible-v1,ipc-candidate-v1-a90b7913204e
2022-08-01,1181.5184546294158,1.0724405094479712,6.7950944923311845,historical_inputs_not_retained,,derived_from_observed,research.argentina-price-composite/legacy-compatible-v1,ipc-candidate-v1-a90b7913204e
2022-09-01,1252.2831242936702,1.097702528089799,5.990278861247922,historical_inputs_not_retained,,derived_from_observed,research.argentina-price-composite/legacy-compatible-v1,ipc-candidate-v1-a90b7913204e
2022-10-01,1329.9881410984294,1.1238477685772552,6.20651933098674,historical_inputs_not_retained,,derived_from_observed,research.argentina-price-composite/legacy-compatible-v1,ipc-candidate-v1-a90b7913204e
2022-11-01,1394.883115003055,1.1445378171895682,4.8795753177913515,historical_inputs_not_retained,,derived_from_observed,research.argentina-price-composite/legacy-compatible-v1,ipc-candidate-v1-a90b7913204e
2022-12-01,1464.6782928837674,1.1657422451897443,5.003817803239544,historical_inputs_not_retained,,derived_from_observed,research.argentina-price-composite/legacy-compatible-v1,ipc-candidate-v1-a90b7913204e
2023-01-01,1547.9210947924582,1.189748818769599,5.683675248370138,historical_inputs_not_retained,,derived_from_observed,research.argentina-price-composite/legacy-compatible-v1,ipc-candidate-v1-a90b7913204e
2023-02-01,1666.7247816214588,1.2218638927548544,7.678962063182393,historical_inputs_not_retained,,derived_from_observed,research.argentina-price-composite/legacy-compatible-v1,ipc-candidate-v1-a90b7913204e
2023-03-01,1792.1783276513197,1.2533812212087567,7.52787687722641,historical_inputs_not_retained,,derived_from_observed,research.argentina-price-composite/legacy-compatible-v1,ipc-candidate-v1-a90b7913204e
2023-04-01,1923.475067571422,1.2840865612764039,7.329001330623027,historical_inputs_not_retained,,derived_from_observed,research.argentina-price-composite/legacy-compatible-v1,ipc-candidate-v1-a90b7913204e
2023-05-01,2064.1206881250273,1.3147350866830734,7.315038858587338,historical_inputs_not_retained,,derived_from_observed,research.argentina-price-composite/legacy-compatible-v1,ipc-candidate-v1-a90b7913204e
2023-06-01,2174.4092919889385,1.3373412952801131,5.344335422990273,historical_inputs_not_retained,,derived_from_observed,research.argentina-price-composite/legacy-compatible-v1,ipc-candidate-v1-a90b7913204e
2023-07-01,2312.725773680488,1.3641241403202136,6.361676157749407,historical_inputs_not_retained,,derived_from_observed,research.argentina-price-composite/legacy-compatible-v1,ipc-candidate-v1-a90b7913204e
2023-08-01,2617.2005558708897,1.4178370038667478,13.17196517510756,historical_inputs_not_retained,,derived_from_observed,research.argentina-price-composite/legacy-compatible-v1,ipc-candidate-v1-a90b7913204e
2023-09-01,2979.254033656115,1.4741075360150928,13.837037797157716,historical_inputs_not_retained,,derived_from_observed,research.argentina-price-composite/legacy-compatible-v1,ipc-candidate-v1-a90b7913204e
2023-10-01,3217.3793075926333,1.5075022643473188,7.993417616237479,historical_inputs_not_retained,,derived_from_observed,research.argentina-price-composite/legacy-compatible-v1,ipc-candidate-v1-a90b7913204e
2023-11-01,3629.2433203627243,1.5598160861802772,12.801257800748846,historical_inputs_not_retained,,derived_from_observed,research.argentina-price-composite/legacy-compatible-v1,ipc-candidate-v1-a90b7913204e
2023-12-01,4605.8892170854415,1.6633134879080456,26.946538260682583,historical_inputs_not_retained,,derived_from_observed,research.argentina-price-composite/legacy-compatible-v1,ipc-candidate-v1-a90b7913204e
2024-01-01,5552.584875235433,1.7444952057733571,20.571086889583533,historical_inputs_not_retained,,derived_from_observed,research.argentina-price-composite/legacy-compatible-v1,ipc-candidate-v1-a90b7913204e
2024-02-01,6284.969659875243,1.7983031855095555,13.190091982593808,historical_inputs_not_retained,,derived_from_observed,research.argentina-price-composite/legacy-compatible-v1,ipc-candidate-v1-a90b7913204e
2024-03-01,6926.907496218172,1.8405393879904914,10.21956164526756,historical_inputs_not_retained,,derived_from_observed,research.argentina-price-composite/legacy-compatible-v1,ipc-candidate-v1-a90b7913204e
2024-04-01,7432.933110962187,1.8711602246002412,7.310693894678577,historical_inputs_not_retained,,derived_from_observed,research.argentina-price-composite/legacy-compatible-v1,ipc-candidate-v1-a90b7913204e
2024-05-01,7727.892627522093,1.8880610792978856,3.968537737527426,historical_inputs_not_retained,,derived_from_observed,research.argentina-price-composite/legacy-compatible-v1,ipc-candidate-v1-a90b7913204e
2024-06-01,8040.383094840943,1.905276741784745,4.044369435973874,historical_inputs_not_retained,,derived_from_observed,research.argentina-price-composite/legacy-compatible-v1,ipc-candidate-v1-a90b7913204e
2024-07-01,8368.07809815833,1.9226257247546683,4.075831349236006,historical_inputs_not_retained,,derived_from_observed,research.argentina-price-composite/legacy-compatible-v1,ipc-candidate-v1-a90b7913204e
2024-08-01,8723.923520910263,1.9407118496402433,4.253039679779377,historical_inputs_not_retained,,derived_from_observed,research.argentina-price-composite/legacy-compatible-v1,ipc-candidate-v1-a90b7913204e
2024-09-01,9008.647062921971,1.9546595726409266,3.264592809609009,historical_inputs_not_retained,,derived_from_observed,research.argentina-price-composite/legacy-compatible-v1,ipc-candidate-v1-a90b7913204e
2024-10-01,9225.58362442922,1.9649938498285677,2.4082924899648512,historical_inputs_not_retained,,derived_from_observed,research.argentina-price-composite/legacy-compatible-v1,ipc-candidate-v1-a90b7913204e
2024-11-01,9477.124011337111,1.9766765635505292,2.72771541852872,historical_inputs_not_retained,,derived_from_observed,research.argentina-price-composite/legacy-compatible-v1,ipc-candidate-v1-a90b7913204e
2024-12-01,9764.859801137774,1.9896660122906087,3.0957303733720964,historical_inputs_not_retained,,derived_from_observed,research.argentina-price-composite/legacy-compatible-v1,ipc-candidate-v1-a90b7913204e
2025-01-01,9981.86694121418,1.9992117764015123,2.2223278702093174,historical_inputs_not_retained,,derived_from_observed,research.argentina-price-composite/legacy-compatible-v1,ipc-candidate-v1-a90b7913204e
2025-02-01,10284.113161138303,2.0121668467521867,3.0298682200645133,historical_inputs_not_retained,,derived_from_observed,research.argentina-price-composite/legacy-compatible-v1,ipc-candidate-v1-a90b7913204e
2025-03-01,10617.908060181018,2.0260389604919604,3.2468607444725572,historical_inputs_not_retained,,derived_from_observed,research.argentina-price-composite/legacy-compatible-v1,ipc-candidate-v1-a90b7913204e
2025-04-01,10897.7013527993,2.0373349020624483,2.6352108200765167,historical_inputs_not_retained,,derived_from_observed,research.argentina-price-composite/legacy-compatible-v1,ipc-candidate-v1-a90b7913204e
2025-05-01,11087.670153858131,2.0448402976708664,1.7434893611101288,historical_inputs_not_retained,,derived_from_observed,research.argentina-price-composite/legacy-compatible-v1,ipc-candidate-v1-a90b7913204e
2025-06-01,11298.530515962173,2.053021962925153,1.9021489593288199,historical_inputs_not_retained,,derived_from_observed,research.argentina-price-composite/legacy-compatible-v1,ipc-candidate-v1-a90b7913204e
2025-07-01,11576.849213769752,2.0635812880309103,2.4633176625436417,historical_inputs_not_retained,,derived_from_observed,research.argentina-price-composite/legacy-compatible-v1,ipc-candidate-v1-a90b7913204e
